File;Index;Peptide;accessions
A_Stuetzer_180816_12mer_H14_UV_25mM.mzML;17331;ASGPPVSELITKAVAASK;sp|P10412|H14_HUMAN
A_Stuetzer_180816_12mer_H14_UV_25mM.mzML;6577;DAVTYTEHAKR;H4_XENLA_Luger
A_Stuetzer_180816_12mer_H14_UV_25mM.mzML;10331;DNIQGITKPAIR;H4_XENLA_Luger
A_Stuetzer_180816_12mer_H14_UV_25mM.mzML;10455;DNIQGITKPAIR;H4_XENLA_Luger
A_Stuetzer_180816_12mer_H14_UV_25mM.mzML;10493;DNIQGITKPAIR;H4_XENLA_Luger
A_Stuetzer_180816_12mer_H14_UV_25mM.mzML;10530;DNIQGITKPAIR;H4_XENLA_Luger
A_Stuetzer_180816_12mer_H14_UV_25mM.mzML;10681;DNIQGITKPAIR;H4_XENLA_Luger
A_Stuetzer_180816_12mer_H14_UV_25mM.mzML;10682;DNIQGITKPAIR;H4_XENLA_Luger
A_Stuetzer_180816_12mer_H14_UV_25mM.mzML;11266;DNIQGITKPAIR;H4_XENLA_Luger
A_Stuetzer_180816_12mer_H14_UV_25mM.mzML;11638;DNIQGITKPAIR;H4_XENLA_Luger
A_Stuetzer_180816_12mer_H14_UV_25mM.mzML;11850;DNIQGITKPAIR;H4_XENLA_Luger
A_Stuetzer_180816_12mer_H14_UV_25mM.mzML;11957;DNIQGITKPAIR;H4_XENLA_Luger
A_Stuetzer_180816_12mer_H14_UV_25mM.mzML;12060;DNIQGITKPAIR;H4_XENLA_Luger
A_Stuetzer_180816_12mer_H14_UV_25mM.mzML;12197;EIAQDFKTDLR;H3_XENLA_Luger
A_Stuetzer_180816_12mer_H14_UV_25mM.mzML;12284;EIAQDFKTDLR;H3_XENLA_Luger
A_Stuetzer_180816_12mer_H14_UV_25mM.mzML;12383;EIAQDFKTDLR;H3_XENLA_Luger
A_Stuetzer_180816_12mer_H14_UV_25mM.mzML;12390;EIAQDFKTDLR;H3_XENLA_Luger
A_Stuetzer_180816_12mer_H14_UV_25mM.mzML;12808;EIAQDFKTDLR;H3_XENLA_Luger
A_Stuetzer_180816_12mer_H14_UV_25mM.mzML;16207;ESYAIYVYKVLK;H2B_XENLA_Luger
A_Stuetzer_180816_12mer_H14_UV_25mM.mzML;5845;HAVSEGTKAVTK;H2B_XENLA_Luger
A_Stuetzer_180816_12mer_H14_UV_25mM.mzML;6196;HAVSEGTKAVTK;H2B_XENLA_Luger
A_Stuetzer_180816_12mer_H14_UV_25mM.mzML;6895;HAVSEGTKAVTK;H2B_XENLA_Luger
A_Stuetzer_180816_12mer_H14_UV_25mM.mzML;11283;KESYAIYVYK;H2B_XENLA_Luger
A_Stuetzer_180816_12mer_H14_UV_25mM.mzML;10250;KLPFQR;H3_XENLA_Luger
A_Stuetzer_180816_12mer_H14_UV_25mM.mzML;10426;KLPFQR;H3_XENLA_Luger
A_Stuetzer_180816_12mer_H14_UV_25mM.mzML;11008;KLPFQR;H3_XENLA_Luger
A_Stuetzer_180816_12mer_H14_UV_25mM.mzML;11092;KLPFQR;H3_XENLA_Luger
A_Stuetzer_180816_12mer_H14_UV_25mM.mzML;11279;KLPFQR;H3_XENLA_Luger
A_Stuetzer_180816_12mer_H14_UV_25mM.mzML;11690;KLPFQR;H3_XENLA_Luger
A_Stuetzer_180816_12mer_H14_UV_25mM.mzML;11767;KLPFQR;H3_XENLA_Luger
A_Stuetzer_180816_12mer_H14_UV_25mM.mzML;6273;KQLATK;H3_XENLA_Luger
A_Stuetzer_180816_12mer_H14_UV_25mM.mzML;5314;KQLATKAAR;H3_XENLA_Luger
A_Stuetzer_180816_12mer_H14_UV_25mM.mzML;5477;KQLATKAAR;H3_XENLA_Luger
A_Stuetzer_180816_12mer_H14_UV_25mM.mzML;5869;KQLATKAAR;H3_XENLA_Luger
A_Stuetzer_180816_12mer_H14_UV_25mM.mzML;6125;KQLATKAAR;H3_XENLA_Luger
A_Stuetzer_180816_12mer_H14_UV_25mM.mzML;6143;KQLATKAAR;H3_XENLA_Luger
A_Stuetzer_180816_12mer_H14_UV_25mM.mzML;5380;KSAPATGGVK;H3_XENLA_Luger
A_Stuetzer_180816_12mer_H14_UV_25mM.mzML;5443;KSAPATGGVK;H3_XENLA_Luger
A_Stuetzer_180816_12mer_H14_UV_25mM.mzML;5682;KSAPATGGVK;H3_XENLA_Luger
A_Stuetzer_180816_12mer_H14_UV_25mM.mzML;5801;KSAPATGGVK;H3_XENLA_Luger
A_Stuetzer_180816_12mer_H14_UV_25mM.mzML;6213;KSAPATGGVK;H3_XENLA_Luger
A_Stuetzer_180816_12mer_H14_UV_25mM.mzML;6244;KSAPATGGVK;H3_XENLA_Luger
A_Stuetzer_180816_12mer_H14_UV_25mM.mzML;6246;KSAPATGGVK;H3_XENLA_Luger
A_Stuetzer_180816_12mer_H14_UV_25mM.mzML;16416;KTVTAMDVVYALK;H4_XENLA_Luger
A_Stuetzer_180816_12mer_H14_UV_25mM.mzML;13858;LLLPGELAKHAVSEGTK;H2B_XENLA_Luger
A_Stuetzer_180816_12mer_H14_UV_25mM.mzML;13923;LLLPGELAKHAVSEGTK;H2B_XENLA_Luger
A_Stuetzer_180816_12mer_H14_UV_25mM.mzML;14017;LLLPGELAKHAVSEGTK;H2B_XENLA_Luger
A_Stuetzer_180816_12mer_H14_UV_25mM.mzML;14900;LLLPGELAKHAVSEGTK;H2B_XENLA_Luger
A_Stuetzer_180816_12mer_H14_UV_25mM.mzML;15670;LLLPGELAKHAVSEGTK;H2B_XENLA_Luger
A_Stuetzer_180816_12mer_H14_UV_25mM.mzML;5781;SAPATGGVKKPHR;H3_XENLA_Luger
A_Stuetzer_180816_12mer_H14_UV_25mM.mzML;6164;SAPATGGVKKPHR;H3_XENLA_Luger
A_Stuetzer_180816_12mer_H14_UV_25mM.mzML;7827;VLKQVHPDTGISSK;H2B_XENLA_Luger
A_Stuetzer_180816_12mer_H14_UV_25mM.mzML;8550;VLKQVHPDTGISSK;H2B_XENLA_Luger
A_Stuetzer_180816_12mer_H14_UV_25mM.mzML;18105;VTIAQGGVLPNIQSVLLPKK;H2A_XENLA_Luger
A_Stuetzer_180816_12mer_H14_UV_25mM.mzML;18369;VTIAQGGVLPNIQSVLLPKK;H2A_XENLA_Luger
A_Stuetzer_180816_12mer_H14_UV_25mM.mzML;10927;YQKSTELLIR;H3_XENLA_Luger
A_Stuetzer_180816_12mer_H14_UV_25mM.mzML;11050;YQKSTELLIR;H3_XENLA_Luger
A_Stuetzer_180816_12mer_H14_UV_25mM.mzML;11055;YQKSTELLIR;H3_XENLA_Luger
A_Stuetzer_180816_12mer_H14_UV_25mM.mzML;11126;YQKSTELLIR;H3_XENLA_Luger
A_Stuetzer_180816_12mer_H14_UV_25mM.mzML;11247;YQKSTELLIR;H3_XENLA_Luger
A_Stuetzer_180816_12mer_H14_UV_25mM.mzML;11848;YQKSTELLIR;H3_XENLA_Luger
A_Stuetzer_180816_12mer_H14_UV_25mM.mzML;11921;YQKSTELLIR;H3_XENLA_Luger
A_Stuetzer_180816_12mer_H14_UV_25mM.mzML;12004;YQKSTELLIR;H3_XENLA_Luger
A_Stuetzer_180816_12mer_H14_UV_25mM.mzML;12108;YQKSTELLIR;H3_XENLA_Luger
A_Stuetzer_180816_12mer_H14_UV_25mM.mzML;12181;YQKSTELLIR;H3_XENLA_Luger
A_Stuetzer_180816_12mer_H14_UV_25mM.mzML;12212;YQKSTELLIR;H3_XENLA_Luger
A_Stuetzer_180816_12mer_H14_UV_25mM.mzML;12232;YQKSTELLIR;H3_XENLA_Luger
A_Stuetzer_180816_12mer_H14_UV_25mM.mzML;12238;YQKSTELLIR;H3_XENLA_Luger
A_Stuetzer_180816_12mer_H14_UV_25mM.mzML;12265;YQKSTELLIR;H3_XENLA_Luger
A_Stuetzer_180816_12mer_H14_UV_25mM.mzML;12452;YQKSTELLIR;H3_XENLA_Luger
A_Stuetzer_180816_12mer_H14_UV_25mM.mzML;12487;YQKSTELLIR;H3_XENLA_Luger
A_Stuetzer_180816_12mer_H14_UV_25mM.mzML;12868;YQKSTELLIR;H3_XENLA_Luger
A_Stuetzer_180816_12mer_H14_UV_25mM.mzML;13187;YQKSTELLIR;H3_XENLA_Luger
A_Stuetzer_180816_12mer_H14_UV_150mM.mzML;10183;DNIQGITKPAIR;H4_XENLA_Luger
A_Stuetzer_180816_12mer_H14_UV_150mM.mzML;10186;DNIQGITKPAIR;H4_XENLA_Luger
A_Stuetzer_180816_12mer_H14_UV_150mM.mzML;10270;DNIQGITKPAIR;H4_XENLA_Luger
A_Stuetzer_180816_12mer_H14_UV_150mM.mzML;10734;DNIQGITKPAIR;H4_XENLA_Luger
A_Stuetzer_180816_12mer_H14_UV_150mM.mzML;11308;DNIQGITKPAIR;H4_XENLA_Luger
A_Stuetzer_180816_12mer_H14_UV_150mM.mzML;11842;DNIQGITKPAIR;H4_XENLA_Luger
A_Stuetzer_180816_12mer_H14_UV_150mM.mzML;17093;ESYAIYVYKVLK;H2B_XENLA_Luger
A_Stuetzer_180816_12mer_H14_UV_150mM.mzML;6026;HAVSEGTKAVTK;H2B_XENLA_Luger
A_Stuetzer_180816_12mer_H14_UV_150mM.mzML;5341;KQLATKAAR;H3_XENLA_Luger
A_Stuetzer_180816_12mer_H14_UV_150mM.mzML;5927;KQLATKAAR;H3_XENLA_Luger
A_Stuetzer_180816_12mer_H14_UV_150mM.mzML;5566;KSAPATGGVK;H3_XENLA_Luger
A_Stuetzer_180816_12mer_H14_UV_150mM.mzML;6334;KSAPATGGVK;H3_XENLA_Luger
A_Stuetzer_180816_12mer_H14_UV_150mM.mzML;13459;LLLPGELAKHAVSEGTK;H2B_XENLA_Luger
A_Stuetzer_180816_12mer_H14_UV_150mM.mzML;14486;LLLPGELAKHAVSEGTK;H2B_XENLA_Luger
A_Stuetzer_180816_12mer_H14_UV_150mM.mzML;14710;LLLPGELAKHAVSEGTK;H2B_XENLA_Luger
A_Stuetzer_180816_12mer_H14_UV_150mM.mzML;14998;LLLPGELAKHAVSEGTK;H2B_XENLA_Luger
A_Stuetzer_180816_12mer_H14_UV_150mM.mzML;15592;LLLPGELAKHAVSEGTK;H2B_XENLA_Luger
A_Stuetzer_180816_12mer_H14_UV_150mM.mzML;10762;YQKSTELLIR;H3_XENLA_Luger
A_Stuetzer_180816_12mer_H14_UV_150mM.mzML;10768;YQKSTELLIR;H3_XENLA_Luger
A_Stuetzer_180816_12mer_H14_UV_150mM.mzML;11382;YQKSTELLIR;H3_XENLA_Luger
A_Stuetzer_180816_12mer_H14_UV_150mM.mzML;11541;YQKSTELLIR;H3_XENLA_Luger
A_Stuetzer_180816_12mer_H14_UV_150mM.mzML;11608;YQKSTELLIR;H3_XENLA_Luger
A_Stuetzer_180816_12mer_H14_UV_150mM.mzML;11738;YQKSTELLIR;H3_XENLA_Luger
A_Stuetzer_180816_12mer_H14_UV_150mM.mzML;11837;YQKSTELLIR;H3_XENLA_Luger
A_Stuetzer_180816_12mer_H14_UV_150mM.mzML;12059;YQKSTELLIR;H3_XENLA_Luger
A_Stuetzer_180816_12mer_H14_UV_150mM.mzML;12114;YQKSTELLIR;H3_XENLA_Luger
A_Stuetzer_180816_12mer_H14_UV_150mM.mzML;12506;YQKSTELLIR;H3_XENLA_Luger
A_Stuetzer_180816_12mer_H14_UV_150mM.mzML;12780;YQKSTELLIR;H3_XENLA_Luger
A_Stuetzer_180816_12mer_H14_UV_150mM.mzML;8956;YRPGTVALR;H3_XENLA_Luger
A_Stuetzer_180816_12mer_UV_25mM.mzML;10296;DNIQGITKPAIR;H4_XENLA_Luger
A_Stuetzer_180816_12mer_UV_25mM.mzML;10870;DNIQGITKPAIR;H4_XENLA_Luger
A_Stuetzer_180816_12mer_UV_25mM.mzML;10923;DNIQGITKPAIR;H4_XENLA_Luger
A_Stuetzer_180816_12mer_UV_25mM.mzML;11066;DNIQGITKPAIR;H4_XENLA_Luger
A_Stuetzer_180816_12mer_UV_25mM.mzML;11342;DNIQGITKPAIR;H4_XENLA_Luger
A_Stuetzer_180816_12mer_UV_25mM.mzML;11743;DNIQGITKPAIR;H4_XENLA_Luger
A_Stuetzer_180816_12mer_UV_25mM.mzML;11814;DNIQGITKPAIR;H4_XENLA_Luger
A_Stuetzer_180816_12mer_UV_25mM.mzML;11872;DNIQGITKPAIR;H4_XENLA_Luger
A_Stuetzer_180816_12mer_UV_25mM.mzML;11952;DNIQGITKPAIR;H4_XENLA_Luger
A_Stuetzer_180816_12mer_UV_25mM.mzML;11148;EIAQDFKTDLR;H3_XENLA_Luger
A_Stuetzer_180816_12mer_UV_25mM.mzML;11891;EIAQDFKTDLR;H3_XENLA_Luger
A_Stuetzer_180816_12mer_UV_25mM.mzML;12094;EIAQDFKTDLR;H3_XENLA_Luger
A_Stuetzer_180816_12mer_UV_25mM.mzML;12378;EIAQDFKTDLR;H3_XENLA_Luger
A_Stuetzer_180816_12mer_UV_25mM.mzML;12458;EIAQDFKTDLR;H3_XENLA_Luger
A_Stuetzer_180816_12mer_UV_25mM.mzML;12619;EIAQDFKTDLR;H3_XENLA_Luger
A_Stuetzer_180816_12mer_UV_25mM.mzML;15760;ESYAIYVYKVLK;H2B_XENLA_Luger
A_Stuetzer_180816_12mer_UV_25mM.mzML;15765;ESYAIYVYKVLK;H2B_XENLA_Luger
A_Stuetzer_180816_12mer_UV_25mM.mzML;5939;GGKGLGK;DECOY_H4_XENLA_Luger, H4_XENLA_Luger
A_Stuetzer_180816_12mer_UV_25mM.mzML;5447;GLGKGGAK;H4_XENLA_Luger
A_Stuetzer_180816_12mer_UV_25mM.mzML;6014;GLGKGGAK;H4_XENLA_Luger
A_Stuetzer_180816_12mer_UV_25mM.mzML;6047;HAVSEGTKAVTK;H2B_XENLA_Luger
A_Stuetzer_180816_12mer_UV_25mM.mzML;6796;HAVSEGTKAVTK;H2B_XENLA_Luger
A_Stuetzer_180816_12mer_UV_25mM.mzML;10998;KESYAIYVYK;H2B_XENLA_Luger
A_Stuetzer_180816_12mer_UV_25mM.mzML;9992;KLPFQR;H3_XENLA_Luger
A_Stuetzer_180816_12mer_UV_25mM.mzML;10146;KLPFQR;H3_XENLA_Luger
A_Stuetzer_180816_12mer_UV_25mM.mzML;10731;KLPFQR;H3_XENLA_Luger
A_Stuetzer_180816_12mer_UV_25mM.mzML;10803;KLPFQR;H3_XENLA_Luger
A_Stuetzer_180816_12mer_UV_25mM.mzML;10983;KLPFQR;H3_XENLA_Luger
A_Stuetzer_180816_12mer_UV_25mM.mzML;11460;KLPFQR;H3_XENLA_Luger
A_Stuetzer_180816_12mer_UV_25mM.mzML;5039;KQLATK;H3_XENLA_Luger
A_Stuetzer_180816_12mer_UV_25mM.mzML;5303;KQLATKAAR;H3_XENLA_Luger
A_Stuetzer_180816_12mer_UV_25mM.mzML;5378;KQLATKAAR;H3_XENLA_Luger
A_Stuetzer_180816_12mer_UV_25mM.mzML;5438;KQLATKAAR;H3_XENLA_Luger
A_Stuetzer_180816_12mer_UV_25mM.mzML;5671;KQLATKAAR;H3_XENLA_Luger
A_Stuetzer_180816_12mer_UV_25mM.mzML;5713;KQLATKAAR;H3_XENLA_Luger
A_Stuetzer_180816_12mer_UV_25mM.mzML;5988;KQLATKAAR;H3_XENLA_Luger
A_Stuetzer_180816_12mer_UV_25mM.mzML;6111;KQLATKAAR;H3_XENLA_Luger
A_Stuetzer_180816_12mer_UV_25mM.mzML;6290;KQLATKAAR;H3_XENLA_Luger
A_Stuetzer_180816_12mer_UV_25mM.mzML;6421;KQLATKAAR;H3_XENLA_Luger
A_Stuetzer_180816_12mer_UV_25mM.mzML;6452;KQLATKAAR;H3_XENLA_Luger
A_Stuetzer_180816_12mer_UV_25mM.mzML;5261;KSAPATGGVK;H3_XENLA_Luger
A_Stuetzer_180816_12mer_UV_25mM.mzML;5330;KSAPATGGVK;H3_XENLA_Luger
A_Stuetzer_180816_12mer_UV_25mM.mzML;5690;KSAPATGGVK;H3_XENLA_Luger
A_Stuetzer_180816_12mer_UV_25mM.mzML;5697;KSAPATGGVK;H3_XENLA_Luger
A_Stuetzer_180816_12mer_UV_25mM.mzML;5778;KSAPATGGVK;H3_XENLA_Luger
A_Stuetzer_180816_12mer_UV_25mM.mzML;5781;KSAPATGGVK;H3_XENLA_Luger
A_Stuetzer_180816_12mer_UV_25mM.mzML;6001;KSAPATGGVK;H3_XENLA_Luger
A_Stuetzer_180816_12mer_UV_25mM.mzML;6094;KSAPATGGVK;H3_XENLA_Luger
A_Stuetzer_180816_12mer_UV_25mM.mzML;6113;KSAPATGGVK;H3_XENLA_Luger
A_Stuetzer_180816_12mer_UV_25mM.mzML;6209;KSAPATGGVK;H3_XENLA_Luger
A_Stuetzer_180816_12mer_UV_25mM.mzML;6351;KSAPATGGVK;H3_XENLA_Luger
A_Stuetzer_180816_12mer_UV_25mM.mzML;6434;KSAPATGGVK;H3_XENLA_Luger
A_Stuetzer_180816_12mer_UV_25mM.mzML;13521;LLLPGELAKHAVSEGTK;H2B_XENLA_Luger
A_Stuetzer_180816_12mer_UV_25mM.mzML;13527;LLLPGELAKHAVSEGTK;H2B_XENLA_Luger
A_Stuetzer_180816_12mer_UV_25mM.mzML;13529;LLLPGELAKHAVSEGTK;H2B_XENLA_Luger
A_Stuetzer_180816_12mer_UV_25mM.mzML;13594;LLLPGELAKHAVSEGTK;H2B_XENLA_Luger
A_Stuetzer_180816_12mer_UV_25mM.mzML;14247;LLLPGELAKHAVSEGTK;H2B_XENLA_Luger
A_Stuetzer_180816_12mer_UV_25mM.mzML;14424;LLLPGELAKHAVSEGTK;H2B_XENLA_Luger
A_Stuetzer_180816_12mer_UV_25mM.mzML;14463;LLLPGELAKHAVSEGTK;H2B_XENLA_Luger
A_Stuetzer_180816_12mer_UV_25mM.mzML;14506;LLLPGELAKHAVSEGTK;H2B_XENLA_Luger
A_Stuetzer_180816_12mer_UV_25mM.mzML;14523;LLLPGELAKHAVSEGTK;H2B_XENLA_Luger
A_Stuetzer_180816_12mer_UV_25mM.mzML;14635;LLLPGELAKHAVSEGTK;H2B_XENLA_Luger
A_Stuetzer_180816_12mer_UV_25mM.mzML;14661;LLLPGELAKHAVSEGTK;H2B_XENLA_Luger
A_Stuetzer_180816_12mer_UV_25mM.mzML;15016;LLLPGELAKHAVSEGTK;H2B_XENLA_Luger
A_Stuetzer_180816_12mer_UV_25mM.mzML;15552;LLLPGELAKHAVSEGTK;H2B_XENLA_Luger
A_Stuetzer_180816_12mer_UV_25mM.mzML;15621;LLLPGELAKHAVSEGTK;H2B_XENLA_Luger
A_Stuetzer_180816_12mer_UV_25mM.mzML;5695;SAPATGGVKKPHR;H3_XENLA_Luger
A_Stuetzer_180816_12mer_UV_25mM.mzML;7640;VLKQVHPDTGISSK;H2B_XENLA_Luger
A_Stuetzer_180816_12mer_UV_25mM.mzML;8037;VLKQVHPDTGISSK;H2B_XENLA_Luger
A_Stuetzer_180816_12mer_UV_25mM.mzML;8355;VLKQVHPDTGISSK;H2B_XENLA_Luger
A_Stuetzer_180816_12mer_UV_25mM.mzML;8556;VLKQVHPDTGISSK;H2B_XENLA_Luger
A_Stuetzer_180816_12mer_UV_25mM.mzML;8623;VLKQVHPDTGISSK;H2B_XENLA_Luger
A_Stuetzer_180816_12mer_UV_25mM.mzML;14122;VTIMPKDIQLAR;H3_XENLA_Luger
A_Stuetzer_180816_12mer_UV_25mM.mzML;10642;YQKSTELLIR;H3_XENLA_Luger
A_Stuetzer_180816_12mer_UV_25mM.mzML;10771;YQKSTELLIR;H3_XENLA_Luger
A_Stuetzer_180816_12mer_UV_25mM.mzML;10777;YQKSTELLIR;H3_XENLA_Luger
A_Stuetzer_180816_12mer_UV_25mM.mzML;10850;YQKSTELLIR;H3_XENLA_Luger
A_Stuetzer_180816_12mer_UV_25mM.mzML;10970;YQKSTELLIR;H3_XENLA_Luger
A_Stuetzer_180816_12mer_UV_25mM.mzML;11373;YQKSTELLIR;H3_XENLA_Luger
A_Stuetzer_180816_12mer_UV_25mM.mzML;11440;YQKSTELLIR;H3_XENLA_Luger
A_Stuetzer_180816_12mer_UV_25mM.mzML;11538;YQKSTELLIR;H3_XENLA_Luger
A_Stuetzer_180816_12mer_UV_25mM.mzML;11580;YQKSTELLIR;H3_XENLA_Luger
A_Stuetzer_180816_12mer_UV_25mM.mzML;11608;YQKSTELLIR;H3_XENLA_Luger
A_Stuetzer_180816_12mer_UV_25mM.mzML;11645;YQKSTELLIR;H3_XENLA_Luger
A_Stuetzer_180816_12mer_UV_25mM.mzML;11820;YQKSTELLIR;H3_XENLA_Luger
A_Stuetzer_180816_12mer_UV_25mM.mzML;11856;YQKSTELLIR;H3_XENLA_Luger
A_Stuetzer_180816_12mer_UV_25mM.mzML;11862;YQKSTELLIR;H3_XENLA_Luger
A_Stuetzer_180816_12mer_UV_25mM.mzML;11903;YQKSTELLIR;H3_XENLA_Luger
A_Stuetzer_180816_12mer_UV_25mM.mzML;11905;YQKSTELLIR;H3_XENLA_Luger
A_Stuetzer_180816_12mer_UV_25mM.mzML;11916;YQKSTELLIR;H3_XENLA_Luger
A_Stuetzer_180816_12mer_UV_25mM.mzML;11936;YQKSTELLIR;H3_XENLA_Luger
A_Stuetzer_180816_12mer_UV_25mM.mzML;11982;YQKSTELLIR;H3_XENLA_Luger
A_Stuetzer_180816_12mer_UV_25mM.mzML;12059;YQKSTELLIR;H3_XENLA_Luger
A_Stuetzer_180816_12mer_UV_25mM.mzML;12150;YQKSTELLIR;H3_XENLA_Luger
A_Stuetzer_180816_12mer_UV_25mM.mzML;12179;YQKSTELLIR;H3_XENLA_Luger
A_Stuetzer_180816_12mer_UV_25mM.mzML;12234;YQKSTELLIR;H3_XENLA_Luger
A_Stuetzer_180816_12mer_UV_25mM.mzML;12258;YQKSTELLIR;H3_XENLA_Luger
A_Stuetzer_180816_12mer_UV_25mM.mzML;12654;YQKSTELLIR;H3_XENLA_Luger
A_Stuetzer_180816_12mer_UV_25mM.mzML;12678;YQKSTELLIR;H3_XENLA_Luger
A_Stuetzer_180816_12mer_UV_25mM.mzML;12752;YQKSTELLIR;H3_XENLA_Luger
A_Stuetzer_180816_12mer_UV_25mM.mzML;8911;YRPGTVALR;H3_XENLA_Luger
A_Stuetzer_180816_12mer_UV_25mM.mzML;9028;YRPGTVALR;H3_XENLA_Luger
A_Stuetzer_180816_12mer_UV_25mM.mzML;9328;YRPGTVALR;H3_XENLA_Luger
A_Stuetzer_180816_12mer_UV_25mM.mzML;9358;YRPGTVALR;H3_XENLA_Luger
A_Stuetzer_180816_12mer_UV_25mM.mzML;9405;YRPGTVALR;H3_XENLA_Luger
A_Stuetzer_180816_12mer_UV_25mM.mzML;10278;YRPGTVALR;H3_XENLA_Luger
A_Stuetzer_180816_12mer_UV_150mM.mzML;10200;DNIQGITKPAIR;H4_XENLA_Luger
A_Stuetzer_180816_12mer_UV_150mM.mzML;10729;DNIQGITKPAIR;H4_XENLA_Luger
A_Stuetzer_180816_12mer_UV_150mM.mzML;10838;DNIQGITKPAIR;H4_XENLA_Luger
A_Stuetzer_180816_12mer_UV_150mM.mzML;11003;DNIQGITKPAIR;H4_XENLA_Luger
A_Stuetzer_180816_12mer_UV_150mM.mzML;11545;DNIQGITKPAIR;H4_XENLA_Luger
A_Stuetzer_180816_12mer_UV_150mM.mzML;11656;DNIQGITKPAIR;H4_XENLA_Luger
A_Stuetzer_180816_12mer_UV_150mM.mzML;12001;EIAQDFKTDLR;H3_XENLA_Luger
A_Stuetzer_180816_12mer_UV_150mM.mzML;11018;KLPFQR;H3_XENLA_Luger
A_Stuetzer_180816_12mer_UV_150mM.mzML;5370;KQLATKAAR;H3_XENLA_Luger
A_Stuetzer_180816_12mer_UV_150mM.mzML;5459;KQLATKAAR;H3_XENLA_Luger
A_Stuetzer_180816_12mer_UV_150mM.mzML;6009;KQLATKAAR;H3_XENLA_Luger
A_Stuetzer_180816_12mer_UV_150mM.mzML;5250;KSAPATGGVK;H3_XENLA_Luger
A_Stuetzer_180816_12mer_UV_150mM.mzML;5631;KSAPATGGVK;H3_XENLA_Luger
A_Stuetzer_180816_12mer_UV_150mM.mzML;5743;KSAPATGGVK;H3_XENLA_Luger
A_Stuetzer_180816_12mer_UV_150mM.mzML;6090;KSAPATGGVK;H3_XENLA_Luger
A_Stuetzer_180816_12mer_UV_150mM.mzML;8609;VLKQVHPDTGISSK;H2B_XENLA_Luger
A_Stuetzer_180816_12mer_UV_150mM.mzML;10614;YQKSTELLIR;H3_XENLA_Luger
A_Stuetzer_180816_12mer_UV_150mM.mzML;10725;YQKSTELLIR;H3_XENLA_Luger
A_Stuetzer_180816_12mer_UV_150mM.mzML;10739;YQKSTELLIR;H3_XENLA_Luger
A_Stuetzer_180816_12mer_UV_150mM.mzML;10932;YQKSTELLIR;H3_XENLA_Luger
A_Stuetzer_180816_12mer_UV_150mM.mzML;11470;YQKSTELLIR;H3_XENLA_Luger
A_Stuetzer_180816_12mer_UV_150mM.mzML;11552;YQKSTELLIR;H3_XENLA_Luger
A_Stuetzer_180816_12mer_UV_150mM.mzML;11615;YQKSTELLIR;H3_XENLA_Luger
A_Stuetzer_180816_12mer_UV_150mM.mzML;11807;YQKSTELLIR;H3_XENLA_Luger
A_Stuetzer_180816_12mer_UV_150mM.mzML;11810;YQKSTELLIR;H3_XENLA_Luger
A_Stuetzer_180816_12mer_UV_150mM.mzML;11874;YQKSTELLIR;H3_XENLA_Luger
A_Stuetzer_180816_12mer_UV_150mM.mzML;11875;YQKSTELLIR;H3_XENLA_Luger
A_Stuetzer_180816_12mer_UV_150mM.mzML;12011;YQKSTELLIR;H3_XENLA_Luger
A_Stuetzer_180816_12mer_UV_150mM.mzML;12063;YQKSTELLIR;H3_XENLA_Luger
A_Stuetzer_180816_12mer_UV_150mM.mzML;12083;YQKSTELLIR;H3_XENLA_Luger
A_Stuetzer_180816_12mer_UV_150mM.mzML;12153;YQKSTELLIR;H3_XENLA_Luger
A_Stuetzer_180816_12mer_UV_150mM.mzML;12154;YQKSTELLIR;H3_XENLA_Luger
A_Stuetzer_180816_12mer_UV_150mM.mzML;12430;YQKSTELLIR;H3_XENLA_Luger
A_Stuetzer_180816_12mer_UV_150mM.mzML;12499;YQKSTELLIR;H3_XENLA_Luger
A_Stuetzer_180816_12mer_UV_150mM.mzML;9031;YRPGTVALR;H3_XENLA_Luger
A_Stuetzer_180816_12mer_UV_150mM.mzML;9305;YRPGTVALR;H3_XENLA_Luger
