sample;MS2 index number;accessions;Gene name;peptide sequence;peptide position;cross-linked adduct; Cross-link localization;Protein features according to Uniprot (https://www.uniprot.org/);;;;;;;;;;;;;;;
AStuetzer_100118_120118_HeLaUV_rep1_TiO2_sample1.mzML;2775;sp|Q4V348|Z658B_HUMAN, sp|Q5TYW1|ZN658_HUMAN;ZNF658B;SHLSAHQR;979-986;T;SHLSAHQR;large zinc-finger proteins (> 20 Zn-finger motifs), cross-linked peptide within C2H2-type motif 22;;;;;;;;;;;;;;;
AStuetzer_100118_120118_HeLaUV_rep1_TiO2_sample1.mzML;4569;sp|P68431|H31_HUMAN;HIST1H3A;KQLATKAAR;19-27;C-NH3;KQLATKAAR;Histone H3;;;;;;;;;;;;;;;
AStuetzer_100118_120118_HeLaUV_rep1_TiO2_sample1.mzML;5315;sp|Q460N5|PAR14_HUMAN;PARP14;KTESATFR;1423-1430;C;;Protein mono-ADP-ribosyltransferase PARP14;;;;;;;;;;;;;;;
AStuetzer_100118_120118_HeLaUV_rep1_TiO2_sample1.mzML;5454;sp|Q96JY6|PDLI2_HUMAN;PDLIM2;QSSSFR;238-242;C;QSSSFR;Probable adapter protein located at the actin cytoskeleton that promotes cell attachment. Isoform 3 located within nucleus;;;;;;;;;;;;;;;
AStuetzer_100118_120118_HeLaUV_rep1_TiO2_sample1.mzML;6310;sp|Q9HAK2|COE2_HUMAN;EBF2;LIDSVTK;129-135;T;LIDSVTK;Transcription factor, Zn-finger, cross-linked peptide N-terminal within the damin that interacts with DNA (by similarity), aa 62-65, aa 196-203, aa 235-238, Zn-finger aa150-169;;;;;;;;;;;;;;;
AStuetzer_100118_120118_HeLaUV_rep1_TiO2_sample1.mzML;6590;sp|P53801|PTTG_HUMAN;PTTG1IP;RAEMKTR;151-157;C-H3N1;RAEMKTR;Pituitary tumor-transforming gene 1 protein-interacting protein, coiled-coil aa130-165, cross-linked peptide within coiled-coil;;;;;;;;;;;;;;;
AStuetzer_100118_120118_HeLaUV_rep1_TiO2_sample1.mzML;7739;sp|Q9BQK8|LPIN3_HUMAN;LPIN3;QVDGSFR;38-44;C;QVDGSFR;Phosphatidate phosphatase LPIN3, transcription coactivator activity, Contains one Leu-Xaa-Xaa-Ile-Leu (LXXIL, aa655-659) motif, a motif known to be a transcriptional binding motif.;;;;;;;;;;;;;;;
AStuetzer_100118_120118_HeLaUV_rep1_TiO2_sample1.mzML;7868;sp|Q9BQK8|LPIN3_HUMAN;LPIN3;QVDGSFR;38-44;C;QVDGSFR;Phosphatidate phosphatase LPIN3, transcription coactivator activity, Contains one Leu-Xaa-Xaa-Ile-Leu (LXXIL, aa655-659) motif, a motif known to be a transcriptional binding motif.;;;;;;;;;;;;;;;
AStuetzer_100118_120118_HeLaUV_rep1_TiO2_sample1.mzML;7905;sp|Q96JG9|ZN469_HUMAN;ZNF469;QPFAFR;3418-3423;T;QPFAFR;Zn-finger, aa2444-2470, aa3087-3109, aa3309-3331, aa3337-3360, 3390-3414, cross-linked peptide directly adjacent to last Zn-finger motif. ;;;;;;;;;;;;;;;
AStuetzer_100118_120118_HeLaUV_rep1_TiO2_sample1.mzML;9146;sp|A0AVK6|E2F8_HUMAN;E2F8;M(Oxidation)LISAVSPEIR;65-75;C;MLISAVSPEIR;Homodimer and heterodimer: mainly forms homodimers and, to a lesser extent, heterodimers with E2F8. Dimerization is important for DNA-binding. Interacts with HIF1A.;;;;;;;;;;;;;;;
AStuetzer_100118_120118_HeLaUV_rep1_TiO2_sample1.mzML;10715;sp|Q6P9A3|ZN549_HUMAN;ZNF549;RYSLVR;625-630;T-H2O1;RYSLVR;Zn-finger, cross-linked peptides within C2H2-type motif 15;;;;;;;;;;;;;;;
AStuetzer_100118_120118_HeLaUV_rep1_TiO2_sample1.mzML;10820;sp|Q9ULJ3|ZBT21_HUMAN;ZBTB21;KLIDIVR;621-627;C;KLIDIVR;Zn-finger, cross-linked peptide located between C2H2 motif 2 (aa 575 - 598) and 3 (aa 670 - 692) ;;;;;;;;;;;;;;;
AStuetzer_100118_120118_HeLaUV_rep1_TiO2_sample1.mzML;11219;sp|Q12830|BPTF_HUMAN;BPTF;VVSGNVEPK;1557-1565;C;VVSGNVEPK;Histone-binding component of NURF (nucleosome-remodeling factor), bromodomain aa2944-3014, Zm-finger PHD type aa390-437, aa2867-2918;;;;;;;;;;;;;;;
AStuetzer_100118_120118_HeLaUV_rep1_TiO2_sample1.mzML;11253;sp|O43186|CRX_HUMAN, sp|P32242|OTX1_HUMAN, sp|P32243|OTX2_HUMAN;CRX, OTX1, OTX2,;ERTTFTR;42-48, 41-47, 41-47;CG-H1O3P1;;Homeobox ;;;;;;;;;;;;;;;
AStuetzer_100118_120118_HeLaUV_rep1_TiO2_sample1.mzML;11521;sp|Q8IYB3|SRRM1_HUMAN;SRRM1;TPTPPPR;572-578;C-H2O1;TPTPPPR;Serine/arginine repetitive matrix protein 1;;;;;;;;;;;;;;;
AStuetzer_100118_120118_HeLaUV_rep1_TiO2_sample1.mzML;11587;sp|Q8N6L0|KASH5_HUMAN;CCDC155;KEPSMWLTR;438-446;C-H2O1;KEPSMWLTR;Required for telomere attachment to nuclear envelope in the prophase of meiosis and for rapid telomere prophase movements implicating a SUN1/2:KASH5 LINC complex in which SUN1 and SUN2 seem to act at least partial redundantly. Required for homologue pairing during meiotic prophase in spermatocytes and probably oocytes. Essential for male and female gametogenesis. Recruits cytoplasmic dynein to telomere attachment sites at the nuclear envelope in spermatocytes. In oocytes is involved in meiotic resumption and spindle formation.;;;;;;;;;;;;;;;
AStuetzer_100118_120118_HeLaUV_rep1_TiO2_sample1.mzML;11640;sp|Q96BV0|ZN775_HUMAN;ZNF775;LQPGPPR;239-245;C-H3N1;LQPGPPR;Zn-finger, cross-linked peptides between C2H2-type motif 4 (aa191-213) and 5 (aa281-303);;;;;;;;;;;;;;;
AStuetzer_100118_120118_HeLaUV_rep1_TiO2_sample1.mzML;11703;sp|Q92794|KAT6A_HUMAN;KAT6A;KELEEQPTR;1330-1338;C;KELEEQPTR;Histone acetyltransferase that acetylates lysine residues in histone H3 and histone H4 (in vitro).;;;;;;;;;;;;;;;
AStuetzer_100118_120118_HeLaUV_rep1_TiO2_sample1.mzML;12336;sp|Q92547|TOPB1_HUMAN;TOPBP1;LINSGGGVR;380-388;C;LINSGGGVR;DNA topoisomerase 2-binding protein 1, several BRCT doamins/repeats, cross-linked peptide within BRCT 3 (aa354-444) ;;;;;;;;;;;;;;;
AStuetzer_100118_120118_HeLaUV_rep1_TiO2_sample1.mzML;12483;sp|Q9C0C6|CIPC_HUMAN;CIPC;KNPSRESPR;4-12;C-H2O1;KNPSRESPR;Transcriptional repressor, binds to CLOCK;;;;;;;;;;;;;;;
AStuetzer_100118_120118_HeLaUV_rep1_TiO2_sample1.mzML;12702;sp|Q15744|CEBPE_HUMAN;CEBPE;RILETQQK;228-235;C;RILETQQK;CCAAT/enhancer-binging protein epsilon, aa204-267 bZIP, aa230-237 Leucine-zipper, cross-linked peptide directly within leucine zipper motif;;;;;;;;;;;;;;;
AStuetzer_100118_120118_HeLaUV_rep1_TiO2_sample1.mzML;15176;sp|Q8WZ42|TITIN_HUMAN;TTN;KVEPPAPK;10235-10242;C;KVEPPAPK;Titin;;;;;;;;;;;;;;;
AStuetzer_100118_120118_HeLaUV_rep1_TiO2_sample1.mzML;16744;sp|Q16534|HLF_HUMAN;HLF;LKENQIAIR;248-256;T;LKENQIAIR;Leucine-zipper, aa248-255, cross-linked peptide directly within leucine-zipper motif, bZIP aa225-288;;;;;;;;;;;;;;;
AStuetzer_100118_120118_HeLaUV_rep1_TiO2_sample1.mzML;16848;sp|Q16534|HLF_HUMAN;HLF;LKENQIAIR;248-256;T;LKENQIAIR;Leucine-zipper, aa248-255, cross-linked peptide directly within leucine-zipper motif, bZIP aa225-288;;;;;;;;;;;;;;;
AStuetzer_100118_120118_HeLaUV_rep1_TiO2_sample1.mzML;18291;sp|Q9BZF9|UACA_HUMAN;UACA;VTSILAKK;50-57;T;VTSILAKK;Ankyrinrepeats aa38-66, 67-96, 100-129, 133-162, 166-195, 199-228, inhibition of NFkappaB, cross-linked peptide within ankyrinrepeat 1 ;;;;;;;;;;;;;;;
AStuetzer_100118_120118_HeLaUV_rep1_TiO2_sample1.mzML;20968;sp|P33992|MCM5_HUMAN;MCM5;LSAEAAEKLK;574-582;C;LSAEAAEKLK;Part of MCM complex, aa 331-537 MRM domain;;;;;;;;;;;;;;;
AStuetzer_100118_120118_HeLaUV_rep1_TiO2_sample1.mzML;21416;sp|Q96JL9|ZN333_HUMAN;ZNF333;YSSDLIR;377-383;C;YSSDLIR;Zn-finger, cross-linked peptide within C2H2-type motif 1;;;;;;;;;;;;;;;
AStuetzer_100118_120118_HeLaUV_rep1_TiO2_sample1.mzML;21747;sp|Q96JL9|ZN333_HUMAN;ZNF333;YSSDLIR;377-383;C;YSSDLIR;Zn-finger, cross-linked peptide within C2H2-type motif 1;;;;;;;;;;;;;;;
AStuetzer_100118_120118_HeLaUV_rep1_TiO2_sample1.mzML;23623;sp|P52272|HNRPM_HUMAN;HNRPM;LGSTVFVANLDYK;202-214;U;LGSTVFVANLDYK;[Exemplary RNA spectrum- Fig. 4d] Pre-mRNA binding protein in vivo, binds avidly to poly(G) and poly(U) RNA homopolymers in vitro. Involved in splicing. Acts as a receptor for carcinoembryonic antigen in Kupffer cells, may initiate a series of signaling events leading to tyrosine phosphorylation of proteins and induction of IL-1 alpha, IL-6, IL-10 and tumor necrosis factor alpha cytokines.;;;;;;;;;;;;;;;
AStuetzer_100118_120118_HeLaUV_rep1_TiO2_sample1.mzML;24017;sp|Q5VVJ2|MYSM1_HUMAN;MYSM1;DAVEAYQLAQRLQSMR;484-499;C;;Preferentially deubiquitinates monoubiquitinated H2A in hyperacetylated nucleosomes. Deubiquitination of histone H2A leads to facilitate the phosphorylation and dissociation of histone H1 from the nucleosome. SANT domain (aa116-167), SWIRM domain (aa372-470), MPN (aa577-709). Binds double-stranded DNA via the SANT domain;;;;;;;;;;;;;;;
AStuetzer_100118_120118_HeLaUV_rep1_TiO2_sample1.mzML;27386;sp|Q99523|SORT_HUMAN;SORT1;LANNTHQHVFDDLR;96-109;C;;Sortilin;;;;;;;;;;;;;;;
AStuetzer_100118_120118_HeLaUV_rep1_TiO2_sample1.mzML;27826;sp|P19447|ERCC3_HUMAN;ERCC3;KMFGNGR;326-332;T;KMFGNGR;Superfamily 2 (SF2) of helicases. XPB is an essential core subunit of the eukaryotic basal transcription factor complex TFIIH which plays a dual role in transcription and DNA repair: ;;;;;;;;;;;;;;;
AStuetzer_100118_120118_HeLaUV_rep1_TiO2_sample1.mzML;27927;sp|P19447|ERCC3_HUMAN;ERCC3;KMFGNGR;326-332;T;KMFGNGR;Superfamily 2 (SF2) of helicases. XPB is an essential core subunit of the eukaryotic basal transcription factor complex TFIIH which plays a dual role in transcription and DNA repair: ;;;;;;;;;;;;;;;
AStuetzer_100118_120118_HeLaUV_rep1_TiO2_sample1.mzML;28031;sp|P19447|ERCC3_HUMAN;ERCC3;KMFGNGR;326-332;T;KMFGNGR;Superfamily 2 (SF2) of helicases. XPB is an essential core subunit of the eukaryotic basal transcription factor complex TFIIH which plays a dual role in transcription and DNA repair: ;;;;;;;;;;;;;;;
AStuetzer_100118_120118_HeLaUV_rep1_TiO2_sample1.mzML;28242;sp|P19447|ERCC3_HUMAN;ERCC3;KMFGNGR;326-332;T;KMFGNGR;Superfamily 2 (SF2) of helicases. XPB is an essential core subunit of the eukaryotic basal transcription factor complex TFIIH which plays a dual role in transcription and DNA repair: ;;;;;;;;;;;;;;;
AStuetzer_100118_120118_HeLaUV_rep1_TiO2_sample1.mzML;28557;sp|P19447|ERCC3_HUMAN;ERCC3;KMFGNGR;326-332;T;KMFGNGR;Superfamily 2 (SF2) of helicases. XPB is an essential core subunit of the eukaryotic basal transcription factor complex TFIIH which plays a dual role in transcription and DNA repair: ;;;;;;;;;;;;;;;
AStuetzer_100118_120118_HeLaUV_rep1_TiO2_sample2.mzML;3878;sp|Q5T6S3|PHF19_HUMAN;PHF19;KGGALK;156-161;C;KGGALK;PHD finger protein 18, Zn-finger PHD type (aa96-151, 195-249), cross-linked peptide adjacent to PHD 1;;;;;;;;;;;;;;;
AStuetzer_100118_120118_HeLaUV_rep1_TiO2_sample2.mzML;4118;sp|Q96QF7|ACRC_HUMAN;GCNA;KYSGKNLK;508-515;T-H2O;;Acidic repeat-containing protein, SprT like domain (aa522-677), Sprt domain involved in DNA binding after UV damage;;;;;;;;;;;;;;;
AStuetzer_100118_120118_HeLaUV_rep1_TiO2_sample2.mzML;4495;P20930;FLG;KGNKGR;135-140;T;;Filaggrin;;;;;;;;;;;;;;;
AStuetzer_100118_120118_HeLaUV_rep1_TiO2_sample2.mzML;5004;sp|O75150|BRE1B_HUMAN;RNF40;KLAERLEQR;58-66;T;KLAERLEQR;Component of the RNF20/40 E3 ubiquitin-protein ligase complex that mediates monoubiquitination of 'Lys-120' of histone H2B (H2BK120ub1). H2BK120ub1 gives a specific tag for epigenetic transcriptional activation and is also prerequisite for histone H3 'Lys-4' and 'Lys-79' methylation (H3K4me and H3K79me, respectively). It thereby plays a central role in histone code and gene regulation. ;;;;;;;;;;;;;;;
AStuetzer_100118_120118_HeLaUV_rep1_TiO2_sample2.mzML;5083;sp|Q93074|MED12_HUMAN;MED12;KAPEPPK;1761-1768;T;KAPEPPK;Mediator complex;;;;;;;;;;;;;;;
AStuetzer_100118_120118_HeLaUV_rep1_TiO2_sample2.mzML;5310;sp|Q9NP87|DPOLM_HUMAN;POLM;FSRKEK;447-452;C-NH3;;DNA directed DNA/RNA polymerase mu, bad spectrum;;;;;;;;;;;;;;;
AStuetzer_100118_120118_HeLaUV_rep1_TiO2_sample2.mzML;5460;sp|Q96JY6|PDLI2_HUMAN;PDLIM2;QSSSFR;238-242;C;;Probable adapter protein located at the actin cytoskeleton that promotes cell attachment. Isoform 3 located within nucleus;;;;;;;;;;;;;;;
AStuetzer_100118_120118_HeLaUV_rep1_TiO2_sample2.mzML;6078;sp|Q9Y232|CDYL_HUMAN;CDYL;RLTDDRK;411-417;T;RLTDDRK;Chromatin reader protein that recognizes and binds histone H3 trimethylated at 'Lys-9', dimethylated at 'Lys-27' and trimethylated at 'Lys-27' (H3K9me3, H3K27me2 and H3K27me3, respectively). Aceytly CoA domain (aa 362-594). he acetyl-CoA-binding domain mediates crotonyl-coA hydratase activity (PubMed:28803779). The acetyl-CoA-binding domain is required for recruitment to sites of DNA double strand breaks and for binding to poly (ADP ribose) moieties (PubMed:29177481);;;;;;;;;;;;;;;
AStuetzer_100118_120118_HeLaUV_rep1_TiO2_sample2.mzML;6283;sp|Q9HAK2|COE2_HUMAN;EBF2;LIDSVTK;129-135;T;LIDSVTK;Transcription factor, Zn-finger, cross-linked peptide N-terminal within the damin that interacts with DNA (by similarity), aa 62-65, aa 196-203, aa 235-238, Zn-finger aa150-169;;;;;;;;;;;;;;;
AStuetzer_100118_120118_HeLaUV_rep1_TiO2_sample2.mzML;6661;sp|Q14CS0|UBX2B_HUMAN;UBXN2B;ATVFKSPR;51-58;C;ATVFKSPR;UBX domain-containing protein 2B. Together with NSFL1C/p47, regulates the centrosomal levels of kinase AURKA/Aurora A during mitotic progression by promoting AURKA removal from centrosomes in prophase;;;;;;;;;;;;;;;
AStuetzer_100118_120118_HeLaUV_rep1_TiO2_sample2.mzML;6729;Q3SX14;GSN;AAYRTSPR;598-605;C;AAYRTSPR;Gelsolin;;;;;;;;;;;;;;;
AStuetzer_100118_120118_HeLaUV_rep1_TiO2_sample2.mzML;7366;sp|P0CJ79|ZN888_HUMAN;ZNF888;IGNQLEK;159-165;C;IGNQLEK;zn-finger, 18 C2H2-type motifs starting from aa214, cross-linked peptide in front of C2H2-type motif 1.;;;;;;;;;;;;;;;
AStuetzer_100118_120118_HeLaUV_rep1_TiO2_sample2.mzML;7518;sp|Q5VTR2|BRE1A_HUMAN;RNF20;AHLDEAR;400-406;T-H2O;AHLDEAR;Component of the RNF20/40 E3 ubiquitin-protein ligase complex that mediates monoubiquitination of 'Lys-120' of histone H2B (H2BK120ub1). H2BK120ub1 gives a specific tag for epigenetic transcriptional activation and is also prerequisite for histone H3 'Lys-4' and 'Lys-79' methylation (H3K4me and H3K79me, respectively). Zn-finger RING-type aa921-961, three coiled-coil, cross-linked peptide adjacent to coiled-coil 3 (aa429-898);;;;;;;;;;;;;;;
AStuetzer_100118_120118_HeLaUV_rep1_TiO2_sample2.mzML;7754;sp|P38935|SMBP2_HUMAN;IGHMBP2;EKSNFR;315-320;C;EKSNFR;5' to 3' helicase that unwinds RNA and DNA duplices in an ATP-dependent reaction. Cross-linked peptide within Leu-rich domain (aa251-426).;;;;;;;;;;;;;;;
AStuetzer_100118_120118_HeLaUV_rep1_TiO2_sample2.mzML;7899;sp|Q9BQK8|LPIN3_HUMAN;LPIN3;QVDGSFR;38-44;C;QVDGSFR;Phosphatidate phosphatase LPIN3, transcription coactivator activity, Contains one Leu-Xaa-Xaa-Ile-Leu (LXXIL, aa655-659) motif, a motif known to be a transcriptional binding motif.;;;;;;;;;;;;;;;
AStuetzer_100118_120118_HeLaUV_rep1_TiO2_sample2.mzML;8399;sp|Q14181|DPOA2_HUMAN;POLA2;RLSKAR;73-78;T;RLSKAR;DNA polymerase alpha subunit B. The N-terminal 240 amino acids are sufficient to mediate complex formation;;;;;;;;;;;;;;;
AStuetzer_100118_120118_HeLaUV_rep1_TiO2_sample2.mzML;9475;sp|Q16527|CSRP2_HUMAN;CSRP2;YGGAEK;113-118;C;YGGAEK;Cysteine and glycine-rich protein 2, zwo Lim-domains, cross-linked peptide directly in front of Lim-domain 2 (aa119-170);;;;;;;;;;;;;;;
AStuetzer_100118_120118_HeLaUV_rep1_TiO2_sample2.mzML;9585;sp|Q9H4Q3|PRD13_HUMAN;PRDM13;MHGAAR;1-6;C-H2O;MHGAAR;PR domain zinc finger protein 13, four Z-finger C2H2 type, SET (Lysine N-methlytransferase domain) domain aa1-112, cross-linked peptide within SET domain;;;;;;;;;;;;;;;
AStuetzer_100118_120118_HeLaUV_rep1_TiO2_sample2.mzML;10111;sp|Q6ZN06|ZN813_HUMAN;ZNF813;FQEIDK;87-92;C;FQEIDK;Zn-finger, 14 C2H2 type motifs starting from aa215, cross-linked peptide 110 aa in front of C2H2 type motif 1.;;;;;;;;;;;;;;;
AStuetzer_100118_120118_HeLaUV_rep1_TiO2_sample2.mzML;10552;sp|Q6P9A3|ZN549_HUMAN;ZNF549;RYSLVR;625-630;T-H2O;RYSLVR;Zn-finger, cross-linked peptides within C2H2-type motif 15;;;;;;;;;;;;;;;
AStuetzer_100118_120118_HeLaUV_rep1_TiO2_sample2.mzML;11035;sp|P54274|TERF1_HUMAN;TERF1;VGTPQSTKK;341-350;C-NH3;VGTPQSTKK;Telomeric repeat-binding factor 1, HTH myp-type DNA binding domain aa375-432, aa265-378 interacting  with RLIM, cross-linked peptide within RLIM region and in front of HTH domain;;;;;;;;;;;;;;;
AStuetzer_100118_120118_HeLaUV_rep1_TiO2_sample2.mzML;11504;sp|Q8IYB3|SRRM1_HUMAN;SRRM1;TPTPPPR;572-578;C-H2O;TPTPPPR;Serine/arginine repetitive matrix protein 1;;;;;;;;;;;;;;;
AStuetzer_100118_120118_HeLaUV_rep1_TiO2_sample2.mzML;11518;sp|P29590|PML_HUMAN;PML;KASPEAASTPR;401-411;T;KASPEAASTPR;Detected in the nucleolus after DNA damage.;;;;;;;;;;;;;;;
AStuetzer_100118_120118_HeLaUV_rep1_TiO2_sample2.mzML;12066;sp|Q96BV0|ZN775_HUMAN;ZNF775;AAVSGPEGPGEPR;267-279;C;AAVSGPEGPGEPR;Zn-finger 11 C2H2-type motifs, cross-linked peptide in fron of C2H2-type motif 5 (aa282-303);;;;;;;;;;;;;;;
AStuetzer_100118_120118_HeLaUV_rep1_TiO2_sample2.mzML;12233;sp|Q6P2H3|CEP85_HUMAN;CEP85;KHISQLEQK;349-357;C-NH3;KHISQLEQK;Centrosomal protein of 85 kDa, Required for centrosome localization and for its function in the suppression of centrosome disjunction (aa434-476), cross-linked within this region, coiled-coil (aa334-657), interacts with TERF1 (identified by 1 cross-linked peptide but with poor spectrum);;;;;;;;;;;;;;;
AStuetzer_100118_120118_HeLaUV_rep1_TiO2_sample2.mzML;14389;sp|P43354|NR4A2_HUMAN, sp|Q92570|NR4A3_HUMAN;NR4A2, NR4A3;HGLKEPK;516-522, 547-553;T;;Nuclear receptor subfamily 4 group A member 2,  It is crucial for expression of a set of genes such as SLC6A3, SLC18A2, TH and DRD2 which are essential for development of mdDA neurons (By similarity).;;;;;;;;;;;;;;;
AStuetzer_100118_120118_HeLaUV_rep1_TiO2_sample2.mzML;16496;sp|Q16534|HLF_HUMAN;HLF;LKENQIAIR;248-256;T;LKENQIAIR;Leucine-zipper, aa248-255, cross-linked peptide directly within leucine-zipper motif, bZIP aa225-288;;;;;;;;;;;;;;;
AStuetzer_100118_120118_HeLaUV_rep1_TiO2_sample2.mzML;16677;sp|Q6UB98|ANR12_HUMAN;ANKRD12;LSTSHLR;1281-1287;T;LSTSHLR;Ankyrin repeat domain-containing protein 12;;;;;;;;;;;;;;;
AStuetzer_100118_120118_HeLaUV_rep1_TiO2_sample2.mzML;16719;sp|Q86YP4|P66A_HUMAN;GATAD2A and/or B;LVLLKK;159-164;C-NH3-HPO3;LVLLKK;Transcriptional repressor p66-beta, GATAB2D, Transcriptional repressor, coiled-coil (aa140-194),cross-linked peptide within coil-coiled. AA 165-195 Cr1, MBD2, 3 binding. MBD acts as transcriptional repressor and plays a role in gene silencing. Does not bind to DNA by itself (PubMed:12124384). Binds to DNA with a preference for sites containing methylated CpG dinucleotides (in vitro). Binds to a lesser degree DNA containing unmethylated CpG dinucleotides (PubMed:24307175). Recruits histone deacetylases and DNA methyltransferases;;;;;;;;;;;;;;;
AStuetzer_100118_120118_HeLaUV_rep1_TiO2_sample2.mzML;16719;, sp|Q8WXI9|P66B_HUMAN;GATAD2A/B;LVLLKK;180-185;C-NH3-HPO3;LVLLKK;Transcriptional repressor p66-beta, GATAB2D, Transcriptional repressor, coiled-coil (aa140-194),cross-linked peptide within coil-coiled. AA 165-195 Cr1, MBD2, 3 binding. MBD acts as transcriptional repressor and plays a role in gene silencing. Does not bind to DNA by itself (PubMed:12124384). Binds to DNA with a preference for sites containing methylated CpG dinucleotides (in vitro). Binds to a lesser degree DNA containing unmethylated CpG dinucleotides (PubMed:24307175). Recruits histone deacetylases and DNA methyltransferases;;;;;;;;;;;;;;;
AStuetzer_100118_120118_HeLaUV_rep1_TiO2_sample2.mzML;17348;sp|Q2NL82|TSR1_HUMAN;TSR1;KLSKAVEK;206-213;C;KLSKAVEK;Pre-rRNA-processing protein TSR1 homolog, Bms1-type G domain (aa81-248) Bms1-like GTPase family, cross-linked peptide within BMs1-like domain;;;;;;;;;;;;;;;
AStuetzer_100118_120118_HeLaUV_rep1_TiO2_sample2.mzML;17445;sp|Q9C009|FOXQ1_HUMAN;FOXQ1;KPFRSRR;279-285;C;KPFRSRR;Forkhead box protein Q1, Fork-head domain (aa119-214), proline rich (aa221-397) cross-linked peptide within proline rich domain. ;;;;;;;;;;;;;;;
AStuetzer_100118_120118_HeLaUV_rep1_TiO2_sample2.mzML;17907;sp|Q9BZF9|UACA_HUMAN;UACA;VTSILAKK;50-57;T;VTSILAKK;Ankyrinrepeats aa38-66, 67-96, 100-129, 133-162, 166-195, 199-228, inhibition of NFkappaB, cross-linked peptide within ankyrinrepeat 1 ;;;;;;;;;;;;;;;
AStuetzer_100118_120118_HeLaUV_rep1_TiO2_sample2.mzML;18132;sp|Q15772|SPEG_HUMAN;SPEG;ALSIHVSVPQSGLRR;267-281;CG-HPO3;ALSIHVSVPQSGLRR;Striated muscle preferentially expressed protein kinase;;;;;;;;;;;;;;;
AStuetzer_100118_120118_HeLaUV_rep1_TiO2_sample2.mzML;20518;sp|P33992|MCM5_HUMAN;MCM5;LSAEAAEKLK;574-583;C;LSAEAAEKLK;Part of MCM complex, aa 331-537 MRM domain;;;;;;;;;;;;;;;
AStuetzer_100118_120118_HeLaUV_rep1_TiO2_sample2.mzML;21418;sp|O00267|SPT5H_HUMAN;SUPT5H;EVANLKPK;269-276;T-H2O;EVANLKPK;Transcription elongation factor SPT5, Component of the DRB sensitivity-inducing factor complex (DSIF complex), which regulates mRNA processing and transcription elongation by RNA polymerase II. Five KOW domains, cross-linked peptide within first KOW domain (273-306), aa176-270 Interaction with SUPT4H1;;;;;;;;;;;;;;;
AStuetzer_100118_120118_HeLaUV_rep1_TiO2_sample2.mzML;27540;sp|P19447|ERCC3_HUMAN;ERCC3;KMFGNGR;326-332;T;KMFGNGR;Superfamily 2 (SF2) of helicases. XPB is an essential core subunit of the eukaryotic basal transcription factor complex TFIIH which plays a dual role in transcription and DNA repair: ;;;;;;;;;;;;;;;
AStuetzer_100118_120118_HeLaUV_rep1_TiO2_sample2.mzML;27749;sp|P19447|ERCC3_HUMAN;ERCC3;KMFGNGR;326-332;T;KMFGNGR;Superfamily 2 (SF2) of helicases. XPB is an essential core subunit of the eukaryotic basal transcription factor complex TFIIH which plays a dual role in transcription and DNA repair: ;;;;;;;;;;;;;;;
AStuetzer_100118_120118_HeLaUV_rep2_TiO2_sample1.mzML;4512;sp|O60543|CIDEA_HUMAN;CIDEA;RSGIAR;123-128;T;RSGIAR;Cell death activator CIDE-ABy interacting with CEBPB, strengthens the association of CEBPB with the XDH promoter, increases histone acetylation and dissociates HDAC1 from the promoter (By similarity);;;;;;;;;;;;;;;
AStuetzer_100118_120118_HeLaUV_rep2_TiO2_sample1.mzML;5048;sp|O75150|BRE1B_HUMAN;RNF40;KLAERLEQR;58-66;T;KLAERLEQR;Component of the RNF20/40 E3 ubiquitin-protein ligase complex that mediates monoubiquitination of 'Lys-120' of histone H2B (H2BK120ub1). H2BK120ub1 gives a specific tag for epigenetic transcriptional activation and is also prerequisite for histone H3 'Lys-4' and 'Lys-79' methylation (H3K4me and H3K79me, respectively). It thereby plays a central role in histone code and gene regulation. ;;;;;;;;;;;;;;;
AStuetzer_100118_120118_HeLaUV_rep2_TiO2_sample1.mzML;5068;sp|Q8TF47|ZFP90_HUMAN;ZFP90;FGENSR;160-165;T-H2O;FGENSR;Zinc finger protein 90 homolog, 13 C2H2-tape motifs, cross-linked peptide N-terminal to C2H2-type motif a (aa211-233) and C-terminal to KRAP domain (aa-14-85);;;;;;;;;;;;;;;
AStuetzer_100118_120118_HeLaUV_rep2_TiO2_sample1.mzML;5384;sp|Q9NR48|ASH1L_HUMAN;ASH1L;KPPRPPK;1980-1986;C;KPPRPPK;Histone-lysine N-methyltransferase ASH1L, three A.T. hook domains, cross-linked peptide c-terminal to A.T. hook 3 (aa1847-1859) and N-temrinal to PHD-type domain (aa2585-2631). Aa2091-2142 is AWS (associated with SET) domain;;;;;;;;;;;;;;;
AStuetzer_100118_120118_HeLaUV_rep2_TiO2_sample1.mzML;6381;sp|Q9HAK2|COE2_HUMAN;EBF2;LIDSVTK;129-135;T;LIDSVTK;Transcription factor, Zn-finger, cross-linked peptide N-terminal within the damin that interacts with DNA (by similarity), aa 62-65, aa 196-203, aa 235-238, Zn-finger aa150-169;;;;;;;;;;;;;;;
AStuetzer_100118_120118_HeLaUV_rep2_TiO2_sample1.mzML;7719;sp|Q9H2D6|TARA_HUMAN;TRIOBP;TPERELR;1402-1408;C;;TRIO and F-actin-binding protein;;;;;;;;;;;;;;;
AStuetzer_100118_120118_HeLaUV_rep2_TiO2_sample1.mzML;7981;sp|Q9BQK8|LPIN3_HUMAN;LPIN3;QVDGSFR;38-44;C;QVDGSFR;Phosphatidate phosphatase LPIN3, transcription coactivator activity, Contains one Leu-Xaa-Xaa-Ile-Leu (LXXIL, aa655-659) motif, a motif known to be a transcriptional binding motif.;;;;;;;;;;;;;;;
AStuetzer_100118_120118_HeLaUV_rep2_TiO2_sample1.mzML;8150;sp|Q9BQK8|LPIN3_HUMAN;LPIN3;QVDGSFR;38-44;C;QVDGSFR;Phosphatidate phosphatase LPIN3, transcription coactivator activity, Contains one Leu-Xaa-Xaa-Ile-Leu (LXXIL, aa655-659) motif, a motif known to be a transcriptional binding motif.;;;;;;;;;;;;;;;
AStuetzer_100118_120118_HeLaUV_rep2_TiO2_sample1.mzML;8981;sp|Q13895|BYST_HUMAN;BYSL;KYALPYR;349-355;T-H2O;KYALPYR;Bystin;;;;;;;;;;;;;;;
AStuetzer_100118_120118_HeLaUV_rep2_TiO2_sample1.mzML;9180;sp|Q02040|AK17A_HUMAN;AKAP17A;KRQLER;270-275;T;;A-kinase anchor protein 17A, cross-linked peptide outside of RRM (aa147-256;;;;;;;;;;;;;;;
AStuetzer_100118_120118_HeLaUV_rep2_TiO2_sample1.mzML;10695;sp|Q6P9A3|ZN549_HUMAN;ZNF549;RYSLVR;625-630;T;RYSLVR;Zn-finger, cross-linked peptides within C2H2-type motif 15 (aa-613-635);;;;;;;;;;;;;;;
AStuetzer_100118_120118_HeLaUV_rep2_TiO2_sample1.mzML;10911;sp|Q6P9A3|ZN549_HUMAN;ZNF549;RYSLVR;625-630;T;RYSLVR;Zn-finger, cross-linked peptides within C2H2-type motif 15 (aa-613-635);;;;;;;;;;;;;;;
AStuetzer_100118_120118_HeLaUV_rep2_TiO2_sample1.mzML;11290;sp|Q12830|BPTF_HUMAN;BPTF;VVSGNVEPK;1557-1565;C;VVSGNVEPK;Histone-binding component of NURF (nucleosome-remodeling factor), bromodomain aa2944-3014, Zm-finger PHD type aa390-437, aa2867-2918;;;;;;;;;;;;;;;
AStuetzer_100118_120118_HeLaUV_rep2_TiO2_sample1.mzML;11423;sp|Q12830|BPTF_HUMAN;BPTF;VVSGNVEPK;1557-1565;C;VVSGNVEPK;Histone-binding component of NURF (nucleosome-remodeling factor), bromodomain aa2944-3014, Zm-finger PHD type aa390-437, aa2867-2918;;;;;;;;;;;;;;;
AStuetzer_100118_120118_HeLaUV_rep2_TiO2_sample1.mzML;11613;sp|Q8IYB3|SRRM1_HUMAN;SRRM1;TPTPPPR;572-578;C-H2O1;TPTPPPR;Serine/arginine repetitive matrix protein 1;;;;;;;;;;;;;;;
AStuetzer_100118_120118_HeLaUV_rep2_TiO2_sample1.mzML;12310;sp|Q5VT06|CE350_HUMAN;CEP350;HGIFAPPQK;2554-2562;C;HGIFAPPQK;Centrosome-associated protein 350;;;;;;;;;;;;;;;
AStuetzer_100118_120118_HeLaUV_rep2_TiO2_sample1.mzML;12702;sp|Q6P2H3|CEP85_HUMAN;CEP85;KHISQLEQK;349-357;C;KHISQLEQK;Centrosomal protein of 85 kDa, Required for centrosome localization and for its function in the suppression of centrosome disjunction (aa434-476), cross-linked within this region, coiled-coil (aa334-657), interacts with TERF1 (identified by 1 cross-linked peptide but with poor spectrum);;;;;;;;;;;;;;;
AStuetzer_100118_120118_HeLaUV_rep2_TiO2_sample1.mzML;12788;sp|Q15744|CEBPE_HUMAN;CEBPE;RILETQQK;228-235;C;RILETQQK;CCAAT/enhancer-binging protein epsilon, aa204-267 bZIP, aa230-237 Leucine-zipper, cross-linked peptide directly within leucine zipper motif;;;;;;;;;;;;;;;
AStuetzer_100118_120118_HeLaUV_rep2_TiO2_sample1.mzML;12914;sp|Q13642|FHL1_HUMAN;FHL1;KCAGCKNPITGK;220-231;C-H2O;KCAGCKNPITGK;Four and a half LIM domains protein 1, 3 LIM zinc binding-domains, cross-linked peptide c-terminal adjacent to Lim zinc-binding domain 3.;;;;;;;;;;;;;;;
AStuetzer_100118_120118_HeLaUV_rep2_TiO2_sample1.mzML;16835;sp|Q16534|HLF_HUMAN;HLF;LKENQIAIR;248-256;T;LKENQIAIR;Leucine-zipper, aa248-255, cross-linked peptide directly within leucine-zipper motif, bZIP aa225-288;;;;;;;;;;;;;;;
AStuetzer_100118_120118_HeLaUV_rep2_TiO2_sample1.mzML;16939;sp|Q16534|HLF_HUMAN;HLF;LKENQIAIR;248-256;T;LKENQIAIR;Leucine-zipper, aa248-255, cross-linked peptide directly within leucine-zipper motif, bZIP aa225-288;;;;;;;;;;;;;;;
AStuetzer_100118_120118_HeLaUV_rep2_TiO2_sample1.mzML;17680;sp|P17029|ZKSC1_HUMAN;ZKSCAN1;GKGLGR;351-356;C-NH3;GKGLGR;Zinc finger protein with KRAB and SCAN domains 1, six C2H2-type motifs, cross-linked peptide adjacent to C2H2-type motif 1 (aa377-399);;;;;;;;;;;;;;;
AStuetzer_100118_120118_HeLaUV_rep2_TiO2_sample1.mzML;18349;sp|Q9BZF9|UACA_HUMAN;UACA;VTSILAKK;50-57;T;VTSILAKK;Ankyrinrepeats aa38-66, 67-96, 100-129, 133-162, 166-195, 199-228, inhibition of NFkappaB, cross-linked peptide within ankyrinrepeat 1 ;;;;;;;;;;;;;;;
AStuetzer_100118_120118_HeLaUV_rep2_TiO2_sample1.mzML;20166;sp|Q9NTI7|INKA2_HUMAN;INKA2;DLAPLPR;115-121;T;DLAPLPR;PAK4-inhibitor INKA2;;;;;;;;;;;;;;;
AStuetzer_100118_120118_HeLaUV_rep2_TiO2_sample1.mzML;21060;sp|P33992|MCM5_HUMAN;MCM5;LSAEAAEKLK;574-582;C;LSAEAaEKLK;Part of MCM complex, aa 331-537 MRM domain;;;;;;;;;;;;;;;
AStuetzer_100118_120118_HeLaUV_rep2_TiO2_sample1.mzML;22168;sp|Q02241|KIF23_HUMAN;KIF23;EVVPTFR;775-781;C-NH3;EVVPTFR;Kinesin-like protein KIF23, Component of the centralspindlin complex that serves as a microtubule-dependent and Rho-mediated signaling required for the myosin contractile ring formation during the cell cycle cytokinesis. AA794-911 for interaction with ARF1, cross-linked peptid ein front of this domain. ;;;;;;;;;;;;;;;
AStuetzer_100118_120118_HeLaUV_rep2_TiO2_sample1.mzML;22273;sp|Q02241|KIF23_HUMAN;KIF23;EVVPTFR;775-781;C-NH3;EVVPTFR;Kinesin-like protein KIF23, Component of the centralspindlin complex that serves as a microtubule-dependent and Rho-mediated signaling required for the myosin contractile ring formation during the cell cycle cytokinesis. AA794-911 for interaction with ARF1, cross-linked peptid ein front of this domain. ;;;;;;;;;;;;;;;
AStuetzer_100118_120118_HeLaUV_rep2_TiO2_sample1.mzML;22378;sp|Q02241|KIF23_HUMAN;KIF23;EVVPTFR;775-781;C-NH3;EVVPTFR;Kinesin-like protein KIF23, Component of the centralspindlin complex that serves as a microtubule-dependent and Rho-mediated signaling required for the myosin contractile ring formation during the cell cycle cytokinesis. AA794-911 for interaction with ARF1, cross-linked peptid ein front of this domain. ;;;;;;;;;;;;;;;
AStuetzer_100118_120118_HeLaUV_rep2_TiO2_sample1.mzML;28385;sp|Q5VVJ2|MYSM1_HUMAN;MYSM1;WTKIS(Phospho)K;140-145;C;WTKISK;Preferentially deubiquitinates monoubiquitinated H2A in hyperacetylated nucleosomes. Deubiquitination of histone H2A leads to facilitate the phosphorylation and dissociation of histone H1 from the nucleosome. SANT domain (aa116-167), SWIRM domain (aa372-470), MPN (aa577-709). Binds double-stranded DNA via the SANT domain;;;;;;;;;;;;;;;
AStuetzer_100118_120118_HeLaUV_rep2_TiO2_sample1.mzML;28489;sp|P19447|ERCC3_HUMAN;ERCC3;KMFGNGR;326-332;T;KMFGNGR;Superfamily 2 (SF2) of helicases. XPB is an essential core subunit of the eukaryotic basal transcription factor complex TFIIH which plays a dual role in transcription and DNA repair: ;;;;;;;;;;;;;;;
AStuetzer_100118_120118_HeLaUV_rep2_TiO2_sample2.mzML;4507;sp|O60543|CIDEA_HUMAN;CIDEA;RSGIAR;123-128;T;RSGIAR;Cell death activator CIDE-A. By interacting with CEBPB, strengthens the association of CEBPB with the XDH promoter, increases histone acetylation and dissociates HDAC1 from the promoter ;;;;;;;;;;;;;;;
AStuetzer_100118_120118_HeLaUV_rep2_TiO2_sample2.mzML;4697;sp|Q9BYK8|HELZ2_HUMAN;HELZ2;HELAFVCR;1201-1207;C;;Helicase with zinc finger domain 2. five LXXLL motifs, cross-linked peptide adjacent C-terminal to LXXLL motif 3. ;;;;;;;;;;;;;;;
AStuetzer_100118_120118_HeLaUV_rep2_TiO2_sample2.mzML;5023;sp|Q15361|TTF1_HUMAN;TTF1;KM(Oxidation)SPQELKEVDSK;688-700;CT-HPO3;KMSPQELKEVDSK;"Transcription termination factor 1, Myb-1, Myb-2 domains aa612-745, cross-linked peptide within the region; The myb-like domain resembles the myb-type HTH domain, which is a DNA-binding, helix-turn-helix (HTH) domain of ~55 amino acids, typically occurring in a tandem repeat. Myb-like domains can be involved in different functions, such as protein-interactions or DNA-binding. The SANT domain does not bind to DNA, despite its resemblance to myb-like domains, but it is a protein-protein interaction module that can bind to histone-tails ";;;;;;;;;;;;;;;
AStuetzer_100118_120118_HeLaUV_rep2_TiO2_sample2.mzML;5286;sp|Q8N8D1|PDCD7_HUMAN;PDCD7;RLERVR;238-242;T;RLERVR;Programmed cell death protein 7, two coiled-coi, cross-linked peptide with coiled coil (aa232-335). ;;;;;;;;;;;;;;;
AStuetzer_100118_120118_HeLaUV_rep2_TiO2_sample2.mzML;5457;sp|Q96JY6|PDLI2_HUMAN;PDLIM2;QSSSFR;238-242;C;QSSSFR;Probable adapter protein located at the actin cytoskeleton that promotes cell attachment. Isoform 3 located within nucleus;;;;;;;;;;;;;;;
AStuetzer_100118_120118_HeLaUV_rep2_TiO2_sample2.mzML;6276;sp|Q9HAK2|COE2_HUMAN;EBF2;LIDSVTK;129-135;C;LIDSVTK;Transcription factor, Zn-finger, cross-linked peptide N-terminal within the damin that interacts with DNA (by similarity), aa 62-65, aa 196-203, aa 235-238, Zn-finger aa150-169;;;;;;;;;;;;;;;
AStuetzer_100118_120118_HeLaUV_rep2_TiO2_sample2.mzML;7786;sp|Q9H5V7|IKZF5_HUMAN;IKZF5;HKMVPIK;161-167;T-HPO3;HKMVPIK;Zinc finger protein Pegasus, five C2H2-type motifs, cross-linked peptide adjacent to C2H2-type 3 (aa138-161);;;;;;;;;;;;;;;
AStuetzer_100118_120118_HeLaUV_rep2_TiO2_sample2.mzML;7920;sp|Q15004|PAF15_HUMAN;PCLAF;GIGEFFR;64-70;C-NH3;GIGEFFR;PCNA-associated factor, PCNA-binding protein that acts as a regulator of DNA repair during DNA replication. Following DNA damage, the interaction with PCNA is disrupted, facilitating the interaction between monoubiquitinated PCNA and the translesion DNA synthesis DNA polymerase eta (POLH) at stalled replisomes, facilitating the bypass of replication-fork-blocking lesions. Also acts as a regulator of centrosome number. PIP-boc (aa62-72) mediated interaction with PCNA. ;;;;;;;;;;;;;;;
AStuetzer_100118_120118_HeLaUV_rep2_TiO2_sample2.mzML;8876;sp|Q02040|AK17A_HUMAN;AKAP17A;KRQLER;270-275;T;KRQLER;A-kinase anchor protein 17A, cross-linked peptide outside of RRM (aa147-256;;;;;;;;;;;;;;;
AStuetzer_100118_120118_HeLaUV_rep2_TiO2_sample2.mzML;10475;sp|Q6P9A3|ZN549_HUMAN;ZNF549;RYSLVR;625-630;T-H2O;RYSLVR;Zn-finger, cross-linked peptides within C2H2-type motif 15;;;;;;;;;;;;;;;
AStuetzer_100118_120118_HeLaUV_rep2_TiO2_sample2.mzML;10596;sp|Q6P9A3|ZN549_HUMAN;ZNF549;RYSLVR;625-630;T-H2O;RYSLVR;Zn-finger, cross-linked peptides within C2H2-type motif 15;;;;;;;;;;;;;;;
AStuetzer_100118_120118_HeLaUV_rep2_TiO2_sample2.mzML;10708;sp|Q6P9A3|ZN549_HUMAN;ZNF549;RYSLVR;625-630;T-H2O;RYSLVR;Zn-finger, cross-linked peptides within C2H2-type motif 15;;;;;;;;;;;;;;;
AStuetzer_100118_120118_HeLaUV_rep2_TiO2_sample2.mzML;11033;sp|Q12830|BPTF_HUMAN;BPTF;VVSGNVEPK;1557-1565;C;;Histone-binding component of NURF (nucleosome-remodeling factor), bromodomain aa2944-3014, Zm-finger PHD type aa390-437, aa2867-2918;;;;;;;;;;;;;;;
AStuetzer_100118_120118_HeLaUV_rep2_TiO2_sample2.mzML;11315;sp|Q8IYB3|SRRM1_HUMAN;SRRM1;TPTPPPR;572-578;C-H2O;TPTPPPR;Serine/arginine repetitive matrix protein 1;;;;;;;;;;;;;;;
AStuetzer_100118_120118_HeLaUV_rep2_TiO2_sample2.mzML;11697;sp|O00410|IPO5_HUMAN;IPO5;KVCDIAAELAR;108-118;T;KVCDIAAELAR;Importin-5, 24 HEAT repeats, cross-linked peptide within HEAT repeat 3;;;;;;;;;;;;;;;
AStuetzer_100118_120118_HeLaUV_rep2_TiO2_sample2.mzML;11962;sp|Q9ULD2|MTUS1_HUMAN;MTUS1;TPPKGPSR;858-865;T-H2O;;Microtubule-associated tumor suppressor 1;;;;;;;;;;;;;;;
AStuetzer_100118_120118_HeLaUV_rep2_TiO2_sample2.mzML;13021;sp|Q8WUA4|TF3C2_HUMAN;GTF3C2;ANSHFLVSAGSDR;624-636;T;ANSHFLVSAGSDR;General transcription factor 3C polypeptide 2, Required for RNA polymerase III-mediated transcription. Component of TFIIIC that initiates transcription complex assembly on tRNA and is required for transcription of 5S rRNA and other stable nuclear and cytoplasmic RNAs. May play a direct role in stabilizing interactions of TFIIIC2 with TFIIIC1. Six WD domain, cross-linked peptide within WD 5 (aa604-654).;;;;;;;;;;;;;;;
AStuetzer_100118_120118_HeLaUV_rep2_TiO2_sample2.mzML;15734;sp|Q6NX49|ZN544_HUMAN;ZNF544;VQDQSNQLR;125-133;C;VQDQSNQLR;Zinc finger protein 544, 13 C2H2-type motifs, cross-linked peptide within N-terminus between KRAP domain (aa14-85) and C2H2-motif 1 (aa354-374) ;;;;;;;;;;;;;;;
AStuetzer_100118_120118_HeLaUV_rep2_TiO2_sample2.mzML;16414;sp|Q16534|HLF_HUMAN;HLF;LKENQIAIR;248-256;T;LKENQIAIR;Leucine-zipper, aa248-255, cross-linked peptide directly within leucine-zipper motif, bZIP aa225-288;;;;;;;;;;;;;;;
AStuetzer_100118_120118_HeLaUV_rep2_TiO2_sample2.mzML;16528;sp|Q16534|HLF_HUMAN;HLF;LKENQIAIR;248-256;T;LKENQIAIR;Leucine-zipper, aa248-255, cross-linked peptide directly within leucine-zipper motif, bZIP aa225-288;;;;;;;;;;;;;;;
AStuetzer_100118_120118_HeLaUV_rep2_TiO2_sample2.mzML;17780;sp|Q96L91|EP400_HUMAN;EP400;LQRICNHPGLVEPR;1364-1377;C-H3PO4;;E1A-binding protein p400, Component of the NuA4 histone acetyltransferase complex which is involved in transcriptional activation of select genes principally by acetylation of nucleosomal histones H4 and H2A. This modification may both alter nucleosome - DNA interactions and promote interaction of the modified histones with other proteins which positively regulate transcription. Component of a SWR1-like complex that specifically mediates the removal of histone H2A.Z/H2AFZ from the nucleosome;;;;;;;;;;;;;;;
AStuetzer_100118_120118_HeLaUV_rep2_TiO2_sample2.mzML;17902;sp|Q9BZF9|UACA_HUMAN;UACA;VTSILAKK;50-57;T;VTSILAKK;Ankyrinrepeats aa38-66, 67-96, 100-129, 133-162, 166-195, 199-228, inhibition of NFkappaB, cross-linked peptide within ankyrinrepeat 1 ;;;;;;;;;;;;;;;
AStuetzer_100118_120118_HeLaUV_rep2_TiO2_sample2.mzML;21432;sp|Q9NQX1|PRDM5_HUMAN;PRDM5;FASSGTLR;498-505;T;FASSGTLR;PR domain zinc finger protein 5, 16 C2H2-type motifs, cross-linked peptide within C2H2-type motif 12. ;;;;;;;;;;;;;;;
AStuetzer_100118_120118_HeLaUV_rep2_TiO2_sample2.mzML;27037;sp|Q99523|SORT_HUMAN;SORT1;LANNTHQHVFDDLR;96-109;C;LANNTHQHVFDDLR;Sortilin;;;;;;;;;;;;;;;
AStuetzer_100118_120118_HeLaUV_rep2_TiO2_sample2.mzML;27396;sp|P19447|ERCC3_HUMAN;ERCC3;KMFGNGR;326-332;T;;Superfamily 2 (SF2) of helicases. XPB is an essential core subunit of the eukaryotic basal transcription factor complex TFIIH which plays a dual role in transcription and DNA repair: ;;;;;;;;;;;;;;;
